,type,treasuryAddress,deepDaoInsertedAt,chainId
0,liquid,0x005ca4f1493f451c1588186c570a434ec38e718d,2022-11-15,1
1,liquid,0x00952466aa572bb2b1d5330c758944049974a4eb,2021-12-06,1
2,liquid,0x015ed76723aaf0ef9960dd66631d2ecac77e4156,2021-12-06,1
3,liquid,0x016e79e9101a8eaa3e7f46d6d1c267819c09c939,2021-12-06,1
4,liquid,0x01e5b3f888967e205b36d056cd1633706050bd62,2021-12-06,1
5,liquid,0x042b32ac6b453485e357938bdc38e0340d4b9276,2022-03-09,1
6,liquid,0x072bb8c41fa42ee30822d8f33058a0731205ee5a,2022-09-15,1
7,liquid,0x07cec3217606c9204c763574848725b714f14985,2022-11-16,1
8,liquid,0x086b4ecd75c494dd36641195e89c25373e06d7cb,2022-05-08,1
9,liquid,0x08a61c799e05f983803f33696f5654a49e166d19,2022-11-15,1
10,liquid,0x09abbe423fedee2332caea4117093d7d9b017cf5,2022-11-22,1
11,liquid,0x0ad8757eae75e71b2c5e9d5188a78d39df92adf5#code,2022-11-15,56
12,liquid,0x0b8e6ba028d015a00d2fdb8d803ed0e582a3fb5d,2022-11-16,1
13,liquid,0x0b93ba560283350d4216f29dc57e15df38d0eace,2021-12-06,1
14,liquid,0x0bc3807ec262cb779b38d65b38158acc3bfede10,2021-12-06,1
15,liquid,0x0c4030768601a5b564fcd50ec5957d516b0f2ad4,2022-05-10,1
16,liquid,0x0Cb11b92Fa5C30eAfe4aE84B7BB4dF3034C38b9d,2022-10-10,137
17,liquid,0x0d5fcf0f72310953781bb8ec7fb90c96a4e191b7,2022-11-16,1
18,liquid,0x0da0c3e52c977ed3cbc641ff02dd271c3ed55afe,2021-12-06,1
19,liquid,0x0ec6290abb4714ba5f1371647894ce53c6dd673a,2022-05-17,1
20,liquid,0x0ed943ce24baebf257488771759f9bf482c39706,2022-11-22,56
21,liquid,0x0ef024d299cb56805f2437cd00b8a361a7b06d54,2021-12-06,1
22,liquid,0x0fa0f97a704e3212191d3ec7a72d94f262d92050,2022-08-08,1
23,liquid,0x107a369bc066c77ff061c7d2420618a6ce31b925,2021-12-06,1
24,liquid,0x10a19e7ee7d7f8a52822f6817de8ea18204f2e4f,2022-02-24,1
25,liquid,0x10c0b0da2a682c12bd36516a95cb8474c02d83de,2022-10-10,1
26,liquid,0x1175185e62db6cea2517d14297333a63908c0cac,2022-06-14,1
27,liquid,0x12267aefd8bb461817df348ce16c933e76c1aa0d,2022-06-28,1
28,liquid,0x144a98cb1cdbb23610501fe6108858d9b7d24934,2021-12-06,1
29,liquid,0x15344ecdc2c4edfcb092e284d93c20f0529fd8a6,2021-12-06,1
30,vesting,0x1590d91d651d7e06e7f77da87aec373a4a4b3c09,2022-09-14,1
31,liquid,0x163b12f2a214ce7b6d535beb51189d12fb47a43b,2021-12-06,1
32,liquid,0x1725dc66a5ca6f36e1d3d5b635bef45de0b753a1,2021-12-06,1
33,liquid,0x17eedfb0a6e6e06e95b3a1f928dc4024240bc76b,2022-02-24,1
34,vesting,0x194e25a03066408a5ba4bf275e6ba4f40e5e6c0a,2022-09-04,137
35,liquid,0x19762b3b0Fe9b4d4Bd16eFA242CD1f3bCD5fa57C,2022-08-10,1
36,liquid,0x19b3eb3af5d93b77a5619b047de0eed7115a19e7,2021-12-06,1
37,liquid,0x1a9c8182c09f50c8318d769245bea52c32be35bc,2021-12-06,1
38,liquid,0x1ba850cb53280d7f9987be283ff462038ec8abe2,2021-12-06,1
39,liquid,0x1cf0df2a5a20cd61d68d4489eebbf85b8d39e18a,2022-05-10,1
40,liquid,0x1f28ed9d4792a567dad779235c2b766ab84d8e33,2022-10-20,1
41,liquid,0x1fa013f243b3999bc668fc176c300c63e100a488,2021-12-06,1
42,liquid,0x2004cb1e8fb6d4476acdc9e1d37f717d3a83384d,2021-12-06,1
43,liquid,0x2009a752a50d3cde486d7b5921944377b729e747,2022-03-09,1
44,liquid,0x205cc7463267861002b27021c7108bc230603d0f,2021-12-06,1
45,liquid,0x20c7f2a24f33cf4f02d2d185e49ac7b1c975d37f,2022-11-04,1
46,liquid,0x211a94468ba1e379236b45ca42dc63ee93139c7e,2021-12-06,1
47,liquid,0x212f7aa8731949b74f51482bbe1a1288ff1ca51b,2022-11-29,56
48,vesting,0x21950e281bde1714ffd1062ed17c56d4d8de2359,2022-05-10,1
49,liquid,0x22341fb5d92d3d801144aa5a925f401a91418a05,2022-05-08,1
50,liquid,0x223592a191ecfc7fdc38a9256c3bd96e771539a9,2021-12-06,1
51,liquid,0x24467575cca1497e352fcd99f875f03138650567,2021-12-06,1
52,liquid,0x245cc372c84b3645bf0ffe6538620b04a217988b,2021-12-06,1
53,liquid,0x24dd242c3c4061b1fcaa5119af608b56afbaea95,2022-03-07,1
54,liquid,0x252E7E8B9863f81798B1fEF8CfD9741A46De653C,2022-08-10,1
55,liquid,0x25f2226b597e8f9514b3f68f00f494cf4f286491,2021-12-06,1
56,liquid,0x2627e4c6beecbcb7ba0a5bb9861ec870dc86eb59,2022-08-16,1
57,liquid,0x267070804c46a47aa92a76d59d70c05d30de46e3,2021-12-06,1
58,liquid,0x273d0f686a53a49a0fba2a801566b19f9aaf8fcd,2021-12-06,1
59,vesting,0x2775b1c75658be0f640272ccb8c72ac986009e38,2022-05-10,1
60,liquid,0x282ef5377c35e90c33a94833d69dba880430c9cb,2022-04-13,1
61,liquid,0x283Af0B28c62C092C9727F1Ee09c02CA627EB7F5,2022-08-28,1
62,liquid,0x28849d2b63fa8d361e5fc15cb8abb13019884d09,2022-02-15,1
63,liquid,0x28a3d3467a3198d1bb5311836036d53c3c64b999,2021-12-06,1
64,liquid,0x294f999356ed03347c7a23bcbcf8d33fa41dc830,2021-12-06,1
65,liquid,0x29c40167da498aac78448f52ba1d5cc60a5f4f99,2021-12-06,1
66,liquid,0x29e7d29deab3117766c10080bb923c7239dfd99f,2021-12-06,1
67,liquid,0x2a5c94f3f00db7f11d53d1cfbd9ae8a2bbc7bbf0,2022-11-16,1
68,liquid,0x2b0ee142dcfe7c2dd150cdbd7b6832f6e9977f51,2022-11-05,1
69,liquid,0x2b6557b8190bc667f5e3af9e635d4a54e23413e8,2022-11-15,56
70,liquid,0x2d35d7d3debbc35fbb24d83896257d60604f8062,2022-11-16,1
71,liquid,0x2d737cd0ebbdb40f4bcddcbd0fce1c03eb4a60ba,2022-01-18,1
72,liquid,0x2d8af71e75fdba501e8aaf51c79c498165c49139,2022-08-08,1
73,liquid,0x2db60257e3c7cefd0ff66ebbedefd7cd6c65f037,2022-08-24,1
74,liquid,0x2f61cd8f256ef199ce0cd3094bdce77f1b7e91f5,2021-12-27,1
75,liquid,0x2fb9f0ef424b24a8d293999298f392a33fe6a8b5,2022-01-24,1
76,liquid,0x2fccd22c591b0019d8157461b5da803aa67cc59d,2022-05-10,1
77,liquid,0x2fd88b3dc1d7793dd62e359b6d6489f0ede68938,2022-07-31,137
78,liquid,0x2ff7ab212cd6feae21bac5300465e149fb6b85a9,2022-10-31,1
79,liquid,0x30b0106d9140902d7d495a7f21d282852e9f59d8,2022-11-16,1
80,liquid,0x31941231407ec7e53b2d4e0ba967159736baea9a,2022-09-15,1
81,liquid,0x31f8cc382c9898b273eff4e0b7626a6987c846e8,2021-12-06,1
82,liquid,0x32cc1eca23b75a0003efdce8c9f2c8aaa80be2c0,2022-11-05,56
83,liquid,0x32dd207f1f16dd4ceea94833ab9fb5dd96bc0924,2022-11-16,137
84,liquid,0x336252602b3a8a0be336ed942228305173e8082b,2022-06-26,1
85,liquid,0x34291feae53ad4e155a20de02585eb115ef5d373,2021-12-06,1
86,liquid,0x35685398af991f43813475e189f791610ad0be2b,2022-05-10,1
87,liquid,0x35bb964878d7b6ddfa69cf0b97ee63fa3c9d9b49,2022-03-07,1
88,liquid,0x36fab4ac1d36e5f1015236261e42365cb4feac52,2022-03-31,1
89,liquid,0x37513c2cc37554ff6c40d86d1e104776617e4fd5,2022-11-29,1
90,liquid,0x383df49ad1f0219759a46399fe33cb7a63cd051c,2022-06-21,1
91,liquid,0x3a1f860046249646e508c417a840755571bc4680,2021-12-06,1
92,liquid,0x3a24ad251473590566f70880330a872aaa211777,2021-12-06,1
93,liquid,0x3aac79279108cf1c7db7d8250c87eeffc63676f5,2021-12-06,1
94,liquid,0x3ac825db2021f5cdf674b11c00af71e743818cad,2021-12-06,1
95,liquid,0x3bb769753a6579b788dabf97217c624858d244c5,2022-11-16,1
96,liquid,0x3bcf3db69897125aa61496fc8a8b55a5e3f245d5,2021-12-06,1
97,liquid,0x3bfda5285416eb06ebc8bc0abf7d105813af06d0,2021-12-06,1
98,vesting,0x3d30b1ab88d487b0f3061f40de76845bec3f1e94,2022-05-10,1
99,liquid,0x3d9819210a31b4961b30ef54be2aed79b9c9cd3b,2021-12-06,1
100,liquid,0x3dd46846eed8d147841ae162c8425c08bd8e1b41,2022-07-12,1
101,liquid,0x3dfc49e5112005179da613bde5973229082dac35,2022-08-08,1
102,liquid,0x3e40d73eb977dc6a537af587d48316fee66e9c8c,2021-12-06,1
103,liquid,0x3e8d2bcc731c88fbaee34778eadeeb9b4f6ba778,2022-06-21,1
104,liquid,0x3ee84f024a6d877516f26942784c31546c18d1ad,2022-08-24,1
105,liquid,0x3f0ad15fb1ee96f649499c6198713d11781d93f2,2022-07-27,2
106,liquid,0x4059c4a0b8a2B528C4f2E101A3bB8fB169aBa4fB,2022-09-29,56
107,liquid,0x40d73df4f99bae688ce3c23a01022224fe16c7b2,2021-12-06,1
108,liquid,0x40edbc75c543954cdd9c5ae7398342788f46a85b,2022-12-03,137
109,liquid,0x426884c1f0a87711fbbca056e051f28d07f78be0,2022-11-17,1
110,liquid,0x4299fc8ef72bce11b3d816e4528c24527fb09e8f,2021-12-06,1
111,vesting,0x42c1357aaa3243ea30c713cdfed115d09f10a71d,2022-05-10,1
112,liquid,0x42cd8312d2bce04277dd5161832460e95b24262e,2022-03-22,1
113,liquid,0x43310bd1c8f261ee7b9025662207ed95329aa193,2021-12-06,1
114,vesting,0x43b17088503f4ce1aed9fb302ed6bb51ad6694fa,2022-11-03,1
115,liquid,0x4441776e6a5d61fa024a5117bfc26b953ad1f425,2021-12-06,1
116,liquid,0x4457d81a97ab6074468da95f4c0c452924267da5,2022-08-15,1
117,liquid,0x4472e37170b12c9ab7aa1af0903e8c392aad4cbb,2022-02-22,1
118,liquid,0x44b1c0a3335583a7f38668f6ab3034c3141b5aa1,2022-10-31,1
119,liquid,0x44d55a8492a90640dc6af013657eaf1ac5bc9548,2021-12-06,1
120,liquid,0x44f2f58eb410c3099d59db44e8ab9859e886c176,2021-12-06,1
121,liquid,0x4570b4faf71e23942b8b9f934b47ccedf7540162,2021-12-06,1
122,liquid,0x462a63d4405a6462b157341a78fd1babfd3f8065,2022-02-02,1
123,liquid,0x464c71f6c2f760dda6093dcb91c24c39e5d6e18c,2021-12-15,1
124,liquid,0x468a763d5b3ab6cc9e224ae9e2895e28583c6a3a,2022-01-24,1
125,liquid,0x46abfe1c972fca43766d6ad70e1c1df72f4bb4d1,2022-01-05,1
126,liquid,0x46e6c3f0365b99dae411eb4857fff928007865ba,2022-10-24,1
127,liquid,0x46f2a6efd0163b90f5f65fdc965ba3cf865ebaa6,2021-12-06,1
128,vesting,0x4750c43867ef5f89869132eccf19b9b6c4286e1a,2021-12-06,1
129,liquid,0x47F238eF7F6B9e4f8452d77228B101f7c0419733,2022-08-11,1
130,liquid,0x485db90aa67b09c0a78a1fc14f43ffe95d626675,2022-06-21,137
131,liquid,0x490254bf34590e8177de4f73bc9941554da7e683,2022-10-24,1
132,liquid,0x49a59d505b40f9db89bba418419342980f7b6605,2022-11-03,1
133,liquid,0x49be88f0fcc3a8393a59d3688480d7d253c37d2a,2022-07-31,1
134,liquid,0x4a6bf7737b54195bfb72030d8f2bf7cf2b466dc3,2022-04-04,1
135,liquid,0x4aea6af5080859d0a16e61dcd102c49248397e9d,2022-08-01,137
136,liquid,0x4b35388c0cc17c5037728da6e0cb72515912ed51,2021-12-06,1
137,vesting,0x4b4e140d1f131fdad6fb59c13af796fd194e4135,2022-05-10,1
138,liquid,0x4bec8e49aa44bb520bd5e29d6358e22464b5eb68,2021-12-06,1
139,liquid,0x4bed1bbb74c6587a61538e541fb2b42e30d629f9,2022-07-27,2
140,liquid,0x4c7aa5fb97d10343b60cb61c4e0e14f6cd331eb2,2022-08-22,137
141,liquid,0x4cae362d7f227e3d306f70ce4878e245563f3069,2021-12-06,1
142,liquid,0x4deca517d6817b6510798b7328f2314d3003abac,2022-11-04,1
143,liquid,0x4e0ceebad02c58b2fc0914d25d791fb9be46a0a9,2022-11-01,1
144,liquid,0x4efd8cead66bb0fa64c8d53ebe65f31663199c6d,2021-12-06,1
145,liquid,0x4f3b4FcDCaDB3a9891973611921cd13959609542,2022-08-11,137
146,liquid,0x4f4ac7a7032a14243aebda98ee04a5d7fe293d07,2022-11-16,1
147,liquid,0x4f812321d12b9d9736c87dde98ff3245cc370833,2022-11-01,1
148,liquid,0x5040a19e59fecc9bdf62cea2f71a4604408c67bf,2021-12-06,1
149,liquid,0x50d9fbebdd7fd36c0716fc1faaa9248bab6bbcc0,2021-12-06,1
150,liquid,0x515aef991f262d0d098dacfb57fccfe9852ff9c1,2021-12-06,1
151,liquid,0x519b70055af55a007110b4ff99b0ea33071c720a,2021-12-06,1
152,liquid,0x51D96079CA93A8d22c3aFD5d2EeB4FdBEae13e7A,2022-10-03,56
153,liquid,0x5222ff25f4dfc02d173c2cbd2055ee1d35f291f1,2022-09-15,1
154,liquid,0x526ed9d7bd5641ba7638fa0eebe8d22b8cb32304,2022-04-04,1
155,liquid,0x53efa417a28508cbb7dc4a874e2feaa7c5792868,2022-04-13,1
156,liquid,0x54396b93c10c685a21c8b5610c15f82a54c9c22e,2021-12-06,1
157,liquid,0x5461348662229e316fca1880890946338100731b,2022-11-05,56
158,liquid,0x552d8a7d1e20aa842a43a6f7b9782f08d750545e,2021-12-06,1
159,liquid,0x553826cb0d0ee63155920f42b4e60aae6607dfcb,2022-11-17,1
160,liquid,0x556ecbb0311d350491ba0ec7e019c354d7723ce0,2021-12-27,1
161,vesting,0x55ac81186e1a8454c79ad78c615c43f54f87403b,2022-11-07,1
162,liquid,0x55eafe832507e652c48b25a957bd3a15420aa805,2021-12-06,2
163,vesting,0x56475a4a8D00b6F7b01E0879CBbba609707aef6b,2022-06-07,1
164,liquid,0x567d220b0169836cbf351df70a9c517096ec9de7,2021-12-06,1
165,liquid,0x569a4c85c1bda28921a58c234a8a39d789175a4c,2021-12-06,1
166,liquid,0x56fcb471a9dde74045830439ad6612c9aad53c19,2021-12-08,1
167,liquid,0x574703381d4cB4eEB474e43eeE97E3D9986e48a7,2022-10-19,1
168,liquid,0x576cd258835c529b54722f84bb7d4170aa932c64,2022-03-09,1
169,liquid,0x577cbb041c645882d6c9e9b24deb786429d29cb5,2021-12-06,1
170,liquid,0x57875ef0e6bdd9bb32ff033e80ed8479313a36c3,2021-12-06,1
171,liquid,0x5789176525c2062bebd3457ff8d55e14c203b715,2022-11-29,56
172,liquid,0x57a8865cfb1ecef7253c27da6b4bc3daee5be518,2022-01-13,1
173,liquid,0x57d2d86d32497bc4aed3b603a391db50c10d7fa1,2022-11-22,1
174,liquid,0x58234d4bf7a83693dc0815d97189ed7d188f6981,2022-03-03,1
175,liquid,0x5844c36d6f803213ca3f7fdac39a0d78f918ee3c,2022-12-03,2
176,liquid,0x586b9b2f8010b284a0197f392156f1a7eb5e86e9,2022-11-22,1
177,liquid,0x58c37a622cdf8ace54d8b25c58223f61d0d738aa,2022-07-18,1
178,liquid,0x5a49fb12f512451819caeb7f4be37e89f0eb0afd,2021-12-06,1
179,liquid,0x5a5af26293c4e1df61dde1ae10b9013e519c3551,2022-10-21,1
180,liquid,0x5a7c5505f3cfb9a0d9a8493ec41bf27ee48c406d,2022-11-17,1
181,liquid,0x5a83cf27357ab7307b561bc712656ff302bd77b0,2022-08-08,56
182,liquid,0x5ab8e3a7bc8be9efdd0943ab65221bdf240518c3,2021-12-06,1
183,liquid,0x5afedef1755e22a9f7d4a2026b0e8a1379a5cfae,2022-10-20,1
184,liquid,0x5cab7692d4e94096462119ab7bf57319726eed2a,2021-12-06,1
185,liquid,0x5d72c2e0ba66534606352e845cec4814ffb60648,2022-08-14,1
186,liquid,0x5d91eb912928c009675d606123e91e1f788b8085,2022-06-30,1
187,liquid,0x5e8c17a6065c35b172b10e80493d2266e2947df4,2021-12-06,1
188,liquid,0x5efda50f22d34f262c29268506c5fa42cb56a1ce,2021-12-06,1
189,liquid,0x60b47716d3893b06cc43b66d7c8221e0cac63a9b,2022-02-24,1
190,liquid,0x60e18f4971077412af2bd0297999093642f28e15,2021-12-06,1
191,liquid,0x60e7343205c9c88788a22c40030d35f9370d302d,2021-12-15,1
192,liquid,0x614962025820c57d6af5acff56b5879237daf559,2021-12-06,1
193,liquid,0x63278bf9acdfc9fa65cfa2940b89a34adfbcb4a1,2022-11-29,1
194,liquid,0x633b7218644b83d57d90e7299039ebab19698e9c,2022-03-07,1
195,liquid,0x63931acddae3b15cbdd0160dcf21b9776f8092e5,2021-12-06,1
196,liquid,0x639572471f2f318464dc01066a56867130e45e25,2022-03-14,1
197,liquid,0x63d9265ce1374d9cccdc22d2354c6e9c034815e8,2022-08-21,137
198,liquid,0x6590E079F8d74746C27Fe0Bf49fEc3Cd1e8B68D5,2022-08-11,137
199,liquid,0x65a5076c0ba74e5f3e069995dc3dab9d197d995c,2022-09-14,137
200,liquid,0x66b6fd8097e078cb8e0f7916efb8be76849b3442,2021-12-06,1
201,liquid,0x69a62c24f16d4914a48919613e8ee330641bcb94,2021-12-06,1
202,liquid,0x6adeb4fddb63f08e03d6f5b9f653be8b65341b35,2021-12-15,1
203,liquid,0x6b7c33d06c442d1f5a08f00aeb80c0578bb706fd,2021-12-06,1
204,liquid,0x6d6F646C43726f77646C6f610000000000000000,2022-06-06,666
205,liquid,0x6d6f646C70792f74727372790000000000000000,2022-06-06,666
206,liquid,0x6d903f6003cca6255d85cca4d3b5e5146dc33925,2022-05-10,1
207,liquid,0x6df748fd1d9154ffaea6f2f59d369ccacc1c9f2c,2022-07-25,1
208,liquid,0x6f76c6a1059093e21d8b1c13c4e20d8335e2909f,2022-03-09,1
209,liquid,0x7000da3159eb1d395dfe1896986f5b2b35723c1e,2022-10-31,1
210,liquid,0x7099b4d99876480fcc0ac46d7809b7287a946050,2021-12-06,1
211,liquid,0x7128f5ff32ed07ce12e6a9debe32bb40f9884b3c,2022-11-04,1
212,liquid,0x71ab8456cfa3ab603c76862afc1a3187920b805b,2022-08-21,137
213,liquid,0x71e47a4429d35827e0312aa13162197c23287546,2022-10-31,1
214,liquid,0x71e667b90c50789324fccc31d27cf58da2c7849b,2022-04-13,1
215,liquid,0x739d280d267b90b5cda1643c548a0f68cde26161,2022-03-07,1
216,liquid,0x744d16d200175d20e6d8e5f405aefb4eb7a962d1,2021-12-06,1
217,liquid,0x768536f03b64e6903c452514596886305e752589,2021-12-06,1
218,liquid,0x7767a2e18f0c477b20e85bd5252b3643d273cd25,2022-04-13,1
219,liquid,0x78605df79524164911c144801f41e9811b7db73d,2021-12-06,1
220,liquid,0x7862a4314508a9de68fc5e71876d46a1bf4ae032,2022-08-16,1
221,liquid,0x78a3ef33cf033381feb43ba4212f2af5a5a0a2ea,2022-11-16,1
222,liquid,0x7916ed491c52c4b3d4b4384d6f1209ee900b97f5,2022-08-08,1
223,liquid,0x7951c7ef839e26f63da87a42c9a87986507f1c07,2022-11-17,1
224,vesting,0x799efad6893b616159726fb6916f31ee5f111eb3,2022-09-14,1
225,vesting,0x79ec13d705fb1ea9fba4afa044f1a436c1ae3b9d,2022-09-14,1
226,vesting,0x7a3abf8897f31b56f09c6f69d074a393a905c1ac,2022-05-10,1
227,liquid,0x7ae4bc22d038479c8ad21616450cd5e35d3f03cc,2021-12-06,1
228,liquid,0x7b81e8d4e82796c9b76284fa4d21e57b8b86a06c,2022-11-15,1
229,liquid,0x7be47c62f58e27ac5778a5a8585d9b165a5acd24,2022-11-15,1
230,liquid,0x7be99ca4e6893ef57cf349ab56307628100fea00,2022-03-07,1
231,liquid,0x7d41326b9b72c99a7e23f0f1c176b384419c4507,2022-07-14,137
232,liquid,0x7d58c962356ae66ba91b108751d67ae5d3b022fc,2021-12-06,1
233,liquid,0x7dd4f0b986f032a44f913bf92c9e8b7c17d77ad7,2022-09-14,137
234,liquid,0x7e3d3f0162bdec5c86202a6a59d187fd2aff226f,2022-04-04,1
235,liquid,0x7e6745c248aeaa9d3c7c9aa4bacb7edd5b6f9848,2022-11-16,1
236,liquid,0x7e9e4c0876B2102F33A1d82117Cc73B7FddD0032,2022-06-07,1
237,liquid,0x7ecd1eac2a07974bcbabafee44b5cc44ceee9540,2022-05-10,1
238,liquid,0x7fea50956d5ac9fbed2ef263bdeae0a1467c1524,2021-12-06,1
239,liquid,0x7ffade939718122c400435f86621bea949591c48,2022-11-16,1
240,liquid,0x80c3d0975dd8a1305f5a854606cbe492b00c6b8f,2022-01-03,1
241,liquid,0x80eb9fa0d41f4fa242112c94e748ce47477196df,2022-08-08,1
242,liquid,0x82c9e2ed57d465506a36e822415a6ab230f3319f,2022-12-02,1
243,liquid,0x833793cd7c9592024470ace9769f128dfe63997b,2022-10-20,56
244,liquid,0x8392f6669292fa56123f71949b52d883ae57e225,2021-12-06,1
245,liquid,0x8412ebf45bac1b340bbe8f318b928c466c4e39ca,2022-11-29,1
246,liquid,0x843002b1D545ef7abB71C716e6179570582faA40,2022-08-10,1
247,liquid,0x849d52316331967b6ff1198e5e32a0eb168d039d,2022-01-10,1
248,liquid,0x860a80d33e85e97888f1f0c75c6e5bbd60b48da9,2022-03-28,1
249,liquid,0x86626e1bbbd0ce95ed52e0c5e19f371a6640b591,2022-01-06,1
250,liquid,0x869814034d96544f3c62de2ac22448ed79ac8e70,2021-12-06,1
251,liquid,0x86cbd0ce0c087b482782c181da8d191de18c8275,2022-03-09,1
252,liquid,0x8787f03a9b05ddb37a98ae4ebc17e6c153bf1303,2022-10-03,137
253,liquid,0x87f005317692d05baa4193ab0c961c69e175f45f,2022-10-31,1
254,liquid,0x881d440a7e047335be81bbb27dba6aee9c2aa529,2022-07-31,137
255,liquid,0x883753beab357a2c29f3766c6ad158e72a78ce51,2022-04-13,1
256,liquid,0x886ce997aa9ee4f8c2282e182ab72a705762399d,2022-04-18,1
257,liquid,0x89214c8ca9a49e60a3bfa8e00544f384c93719b1,2022-02-04,1
258,liquid,0x89280695259aBdE078458797C7e1fB4e6D67e172,2022-10-03,56
259,liquid,0x8990e11b69403ea53ef2b32434bbd7dbf84b5234,2021-12-06,1
260,liquid,0x89c51828427f70d77875c6747759fb17ba10ceb0,2022-04-18,1
261,liquid,0x8a0fa5b57fc449114f998c419bd0a6f4ab96b3b2,2022-08-21,137
262,liquid,0x8ac97f9675f84373f587deae0ab0fbddf191fc22,2022-07-27,2
263,liquid,0x8ae0227336a4dbd197954bb87f7f5138d527e3eb,2022-03-09,1
264,liquid,0x8b4f1616751117c38a0f84f9a146cca191ea3ec5,2021-12-06,1
265,liquid,0x8bd458e3950f8a9cbe67ea55cbc209ead43b46f4,2021-12-06,1
266,liquid,0x8c3fa50473065f1d90f186ca8ba1aa76aee409bb,2022-05-19,1
267,liquid,0x8c458e618e4a43a36b6b34fcae2de77a6577b92a,2021-12-06,1
268,liquid,0x8d2ec7025957d09cfb0a8197f9aacd0dcc08b21a,2021-12-06,1
269,liquid,0x8d5ed43dca8c2f7dfb20cf7b53cc7e593635d7b9,2022-03-14,1
270,liquid,0x8da8f82d2bbdd896822de723f55d6edf416130ba,2021-12-06,1
271,liquid,0x8ee7d9235e01e6b42345120b5d270bdb763624c7,2021-12-07,1
272,liquid,0x8f56682a50becb1df2fb8136954f2062871bc7fc,2021-12-06,1
273,liquid,0x8fe59d8fb5ffd3509e5cb3d386be8bdb2d363662,2022-10-20,1
274,liquid,0x9069f8b39899445c0d621823720a077570da46b5,2022-09-04,137
275,liquid,0x90a48d5cf7343b08da12e067680b4c6dbfe551be,2021-12-06,1
276,liquid,0x90dbc54dbfe6363acdba4e54ee97a2e0073ea7ad,2022-03-09,1
277,liquid,0x90e188ae5028dea253d4bf0cc6e7e4bf1e81d1a4,2022-10-31,1
278,liquid,0x9218182671776924da5bf56f69b7272f47a5fb6b,2022-08-08,1
279,liquid,0x926df14a23be491164dcf93f4c468a50ef659d5b,2021-12-06,1
280,liquid,0x92b22149fec19094650f3f99dc141c8f77b03c15,2021-12-08,1
281,liquid,0x934d6B90E3F916a3Ad5d080A674A1e953447Dda3,2022-09-05,1
282,liquid,0x93d2a6369d57fdf8d1c3db22a5eb4623e26a24ae,2021-12-06,1
283,liquid,0x9467cfadc9de245010df95ec6a585a506a8ad5fc,2021-12-06,1
284,liquid,0x9467dcfd4519287e3878c018c02f5670465a9003,2022-05-10,1
285,liquid,0x94a587478c83491b13291265581cb983e7feb540,2022-04-12,1
286,liquid,0x94D879812bd3f831F4Ad1F82452c58352d3d0596,2022-08-11,1
287,liquid,0x95ee70b6ee02a91382690fe39598e626ebb7fad4,2021-12-06,1
288,liquid,0x97103fda00a2b47eac669568063c00e65866a633,2021-12-06,1
289,liquid,0x978505164c7582e8cffbfba5d76b91f51ddfc31c,2022-11-05,2
290,liquid,0x97990b693835da58a281636296d2bf02787dea17,2021-12-06,1
291,liquid,0x97ace434171c7eb426548afc4af188a3c973a38d,2021-12-06,1
292,liquid,0x97b5bcfea315d68f8007ca93bf6020a78dd26d49,2022-04-18,1
293,liquid,0x97eee9c5b9a4b089813365ccf0315c4e9aa6f516,2022-11-16,1
294,liquid,0x980819c152ef9fe5d2e15a999cca2a1b9c45c0ec,2021-12-06,1
295,liquid,0x98329910449586ba244d9edea97496f8ccf1c6be,2022-10-28,1
296,liquid,0x994D91215EC7e6543A770D0278D11B1A61fb52f4,2022-06-28,1
297,liquid,0x99cEF4A71d42C131fd20c0f24f30b0Eb0b22792C,2022-08-11,1
298,liquid,0x99f4176ee457afedffcb1839c7ab7a030a5e4a92,2022-01-05,1
299,liquid,0x9a315bdf513367c0377fb36545857d12e85813ef,2022-04-18,1
300,liquid,0x9a67f1940164d0318612b497e8e6038f902a00a4,2021-12-14,1
301,liquid,0x9a6ebe7e2a7722f8200d0ffb63a1f6406a0d7dce,2021-12-06,1
302,liquid,0x9aa7db8e488ee3ffcc9cdfd4f2eaecc8abedcb48,2022-11-29,1
303,liquid,0x9b512e41efaff944089a5e5f5fa328e261de780f,2022-11-04,2
304,liquid,0x9b57642c2f35f97cb5746bdd1803ed81db6abef4,2022-08-08,1
305,liquid,0x9c1bf454515b41819e305fe032f9958369447212,2022-10-10,137
306,liquid,0x9e281335d5316417eed0c16051e5de4a3c4a2b1d,2021-12-06,1
307,liquid,0x9f0b8d80009382527dbd292f21d0c4598ade972b,2022-04-04,1
308,liquid,0x9f6e831c8f8939dc0c830c6e492e7cef4f9c2f5f,2022-10-31,1
309,liquid,0x9faa327aaf1b564b569cb0bc0fdaa87052e8d92c,2022-03-09,1
310,liquid,0xa0b5eb5464fe4c5f4334a80267e784a961fdd865,2022-11-08,1
311,liquid,0xa357c5dc01d8ab4f3af519b0537468391e3e0976,2021-12-06,1
312,liquid,0xa39b44c4affbb56b76a1bf1d19eb93a5dfc2eba9,2022-02-24,1
313,liquid,0xa3c299eee1998f45c20010276684921ebe6423d9,2022-09-15,1
314,liquid,0xa3cf824160e5ec3dccccb44c2552eee45a44aaeb,2021-12-06,1
315,liquid,0xa406c9b6c115a65da97ec7256d0a1ff51f281f71,2022-04-13,1
316,liquid,0xa42f6FB68607048dDe54FCd53D2195cc8ca5F486,2022-10-19,1
317,liquid,0xa47682e37f73275fdd7573da8a4a7c0cfb427e77,2021-12-06,1
318,liquid,0xa49731448a1b25d92f3d80f3d3025e4f0fc8d776,2022-05-17,137
319,liquid,0xa4cb6e1971ed8a1f76d9e8d50a5fc56dfa5cc1e6,2022-01-18,1
320,liquid,0xa54074b2cc0e96a43048d4a68472f7f046ac0da8,2021-12-06,1
321,liquid,0xa6b71e26c5e0845f74c812102ca7114b6a896ab2,2022-08-11,1
322,liquid,0xa70b638b70154edfcbb8dbbbd04900f328f32c35,2022-04-05,1
323,liquid,0xa7ab7a265f274fa664187698932d3cabb851023d,2022-01-03,1
324,liquid,0xa7d9aa201734c6b9fb2ba8cdd15a83dc96abe804,2021-12-06,1
325,liquid,0xa84918f3280d488eb3369cb713ec53ce386b6cba,2021-12-06,1
326,liquid,0xa8fc468da0417f71393523393bd7d57450143a62,2021-12-06,1
327,liquid,0xa900a8f9910e8d9bb2f5c33f5d1241fd4ea93b0b,2022-08-08,1
328,liquid,0xA9aB2478531Dcc5597A91413b39d462B3413E47c,2022-06-28,1
329,liquid,0xab07bc6857b3cca53c3c15e2a0fd3c2ad38b6b4e,2022-03-07,1
330,liquid,0xAB35001E808Fb52140F2843b18396594524f6439,2022-08-11,1
331,liquid,0xab40a7e3cef4afb323ce23b6565012ac7c76bfef,2022-04-26,1
332,liquid,0xabfd88db78d2503af372cb9c21cdc2f181232b4f,2021-12-06,1
333,liquid,0xac1c30c8ae96a6cdd392bc2593a6e00d964b73c2,2022-11-15,1
334,vesting,0xadf023a014462fdced0557c42454989ef102ec86,2022-05-10,1
335,liquid,0xae7f458667f1b30746354abc3157907d9f6fd15e,2022-01-17,1
336,liquid,0xaea432e9956271dc51026cd313f00377cae29f21,2022-11-04,2
337,liquid,0xaf1e1c2eb21e4b977517bc651a7046c723b49809,2022-03-07,1
338,liquid,0xaf28bcb48c40dbc86f52d459a6562f658fc94b1e,2021-12-06,1
339,liquid,0xaf2fe0d4fe879066b2baa68d9e56cc375df22815,2021-12-06,1
340,liquid,0xafdd1eb2511cd891acf2bff82dabf47e0c914d24,2021-12-06,1
341,liquid,0xaff8b9eab9eb607583b90cfa9bca0db32a5c6280,2022-11-16,1
342,liquid,0xb04e030140b30c27bcdfaafffa98c57d80eda7b4,2021-12-06,1
343,liquid,0xb08e3e7cc815213304d884c88ca476ebc50eaab2,2022-08-23,137
344,liquid,0xb0aa1f98523ec15932dd5faac5d86e57115571c7,2021-12-06,1
345,liquid,0xb156d2d9cadb12a252a9015078fc5cb7e92e656e,2021-12-06,1
346,liquid,0xb184385b3d41d27db380f9152b27aa45c766d70f,2022-09-07,1
347,liquid,0xb1c409722b23cba26de8660b180d4b55ed8cb4c0,2022-04-13,1
348,liquid,0xb1c95ac257029d11f3f64ac67b2307a426699322,2022-01-04,1
349,liquid,0xb230b535d2cf009bdc9d7579782de160b795d5e8,2022-03-14,1
350,liquid,0xb35096b074fdb9bBac63E3AdaE0Bbde512B2E6b6,2022-08-07,1
351,liquid,0xb389fb80ef7caf3fb367f7d5b4655f4b7cd6958e,2021-12-06,1
352,liquid,0xb429bee46b7df01d759d04d57dabe814ecf0341b,2022-03-09,1
353,liquid,0xb45153f116bf8f0ede5a0c42dc831d9383fb5e83,2022-11-16,1
354,liquid,0xb57ab8767cae33be61ff15167134861865f7d22c,2022-03-09,1
355,liquid,0xb59d20eeb15f814ad5e995e9b0f2522af819203c,2022-11-15,1
356,liquid,0xb5cef5887a0b46d895cb1893b3cddc9a31607261,2021-12-06,1
357,liquid,0xb618f903ad1d00d6f7b92f5b0954dcdc056fc533,2021-12-06,1
358,liquid,0xb65cef03b9b89f99517643226d76e286ee999e77,2021-12-27,1
359,liquid,0xb66b51142d8a85804d2cdb1227e982159008ac45,2021-12-06,1
360,liquid,0xb6f1f016175588a049fda12491cf3686de33990b,2022-06-21,1
361,liquid,0xb76e40277b79b78dfa954cbec863d0e4fd0656ca,2021-12-06,1
362,liquid,0xb796f6d32a925ec9beb32889d2b2c356d209e8c5,2022-05-10,1
363,liquid,0xb81f5b9bd373b9d0df2e3191a01b8fa9b4d2832a,2022-02-22,1
364,liquid,0xb8541e73aa47a847fa39e803d19a3f9b1bbc5a6c,2021-12-06,1
365,liquid,0xb88f61e6fbda83fbfffabe364112137480398018,2022-03-09,1
366,liquid,0xb918396aeb3d0bd64e6ff888b6f3335357da97ab,2022-11-04,2
367,liquid,0xb96e81f80b3aeef65cb6d0e280b15fd5dbe71937,2022-03-09,1
368,liquid,0xbb38a5e595990ed3fe78e827bf77763d4dc0acf4,2022-02-15,1
369,liquid,0xbc49de68bcbd164574847a7ced47e7475179c76b,2021-12-06,1
370,liquid,0xbccec010d81fd2001d063f0a5a8c9f7f69a87396,2022-08-21,1
371,liquid,0xbcd768c566143714309afe87feb901da7543f470,2021-12-06,1
372,vesting,0xbd12ebb77ef167a5ff93b7e572b33f2526ae3fd0,2022-05-10,1
373,liquid,0xbd25343eba3029404b0f8131fd15a308e9d9e869,2022-10-20,1
374,liquid,0xbd9495e42ec4a2f5df1370a6da42ec9a4656e963,2022-11-15,1
375,liquid,0xbe8e3e3618f7474f8cb1d074a26affef007e98fb,2021-12-07,1
376,liquid,0xbeb3e32355a933501c247e2dbde6e6ca2489bf3d,2021-12-06,1
377,liquid,0xbecc659bfc6edca552fa1a67451cc6b38a0108e4,2021-12-06,1
378,liquid,0xbef526c8325c47817ceb435011bf1e6bc9ec691d,2022-11-16,137
379,liquid,0xbf820fbb448c564b456ce376cbfbe341b84d1a58,2022-10-31,1
380,liquid,0xc02d33ada84a23def12c65780fc61eec97efd28b,2021-12-06,1
381,liquid,0xc102d2544a7029f7ba04beb133deadaa57fdf6b4,2022-03-09,1
382,liquid,0xc1c34785732aaa15282a42a21b1f18ce04092384,2021-12-15,1
383,liquid,0xc279017c6055442def329d293e5e66118cd8a2ef,2021-12-06,1
384,liquid,0xc2bc2f890067c511215f9463a064221577a53e10,2022-03-07,1
385,liquid,0xc41dd7d65444cdcd80d7e2fbd9d20c4b191cf988,2022-01-18,1
386,liquid,0xc420c9d507d0e038bd76383aaadcad576ed0073c,2022-11-22,1
387,liquid,0xc47911f768c6fe3a9fe076b95e93a33ed45b7b34,2022-10-31,1
388,liquid,0xc4bd0ec59bc090417b7829a25f99c3559f997b22,2022-04-13,1
389,liquid,0xc4cfa2bdae08416312faa0b72758e1f3750f81e3,2022-09-15,1
390,liquid,0xc4ddc2f471a476da1b906727072669f95d37c622,2022-02-09,1
391,liquid,0xc597b10eb4dbaba8c6a887792b60aabcbf27e076,2021-12-15,1
392,liquid,0xc5d6dea9e0fcf53b6104f5a77a3790fc79621c7c,2022-11-18,1
393,liquid,0xc8899da25423ac52aa711b97ae04c8888fa1e1d7,2022-01-03,1
394,liquid,0xc88b4ea090964434514cf4edda31cf291de2a4eb,2022-11-04,1
395,liquid,0xc8c97c034c7f93c5f4a82c6db855df04402ac92b,2021-12-06,1
396,liquid,0xc8e0d7fd13eb3cbc19eb293d0e00b8386cc1b6f2,2021-12-06,1
397,liquid,0xc8f94cc40cf7ac14c056dc081232de71cb9763cd,2021-12-06,1
398,liquid,0xc977CBadD359aE06b236D9581e37fd5A03E54b84,2022-06-28,1
399,liquid,0xc9a7d537f17194c68455d75e3d742bf2c3ce3c74,2022-03-07,1
400,liquid,0xca22f929Aa5DBe2db2d0305d31604FE0dfD386b5,2022-08-11,1
401,liquid,0xca30b69e2f87ccdfe75aecde8988570625c8c3af,2021-12-06,1
402,liquid,0xca328e2c81ac33d5f5c9f09c481a6b9fd3293b9f,2022-08-24,1
403,liquid,0xca38034a69ebedd28ce62368890e7cf187309a0f,2022-11-16,1
404,liquid,0xca3d2a53de4d4bcf8b28ddd07f8e325839adb9ca,2022-01-03,1
405,liquid,0xcad001c30e96765ac90307669d578219d4fb1dce,2022-11-09,1
406,liquid,0xcaf467dfe064a1f54e4ece8515ddf326b9be801e,2021-12-15,1
407,liquid,0xcafe1a77e84698c83ca8931f54a755176ef75f2c,2022-05-10,1
408,liquid,0xcb46298767fb5d44c18313976c30d3eeb5071862,2022-02-03,1
409,liquid,0xcc09c04a9e3930343290184544f97669eff18a8d,2021-12-06,1
410,liquid,0xcd8393b5b0ec5ab8dad4e648f709be6bac11874d,2021-12-06,1
411,liquid,0xce4a1e86a5c47cd677338f53da22a91d85cab2c9,2022-03-07,1
412,liquid,0xce5dcffb2aa50deeb229881a294f0b79d41baaeb,2021-12-06,1
413,liquid,0xcf60916b6cb4753f58533808fa610fcbd4098ec0,2021-12-15,1
414,liquid,0xcf7346a5e41b0821b80d5b3fdc385eeb6dc59f44,2022-03-09,1
415,liquid,0xcfa7700f9c15f03e0ae81ebd524e4c2af915d13b,2021-12-06,1
416,vesting,0xcfeca91fab01c5e5d0514c43b1d1466a4d0ab4bd,2022-06-21,1
417,liquid,0xd03cd27a6146b51ed0138f78fa2ca3911061ee4b,2022-11-15,56
418,liquid,0xd069efa415ef5113598b36619305dbf88dcd363e,2022-08-24,1
419,liquid,0xd0a7a8b98957b9cd3cfb9c0425abe44551158e9e,2022-03-09,1
420,liquid,0xd1924dc661a3e0563defe8e8028485211799e2b0,2021-12-06,1
421,liquid,0xd374225abb84dca94e121f0b8a06b93e39ad7a99,2021-12-06,1
422,liquid,0xd43af4e6a85923ddd03172d5fda05a7d7f1ef2f1,2022-11-01,1
423,liquid,0xd4690FA92f3F37bf98585FEeAd0E4B3fAD967fcD,2022-08-16,1
424,liquid,0xd4868d98849a58f743787c77738d808376210292,2022-03-09,1
425,liquid,0xd49aab321f6f9a3680a0939c4d771d64b1be2f2d,2022-08-08,137
426,liquid,0xd4ee8939a537d943a4e46e7ae04069c9451d724f,2022-11-09,1
427,liquid,0xd51dba7a94e1adea403553a8235c302cebf41a3c,2022-03-14,1
428,liquid,0xd55c4261145ea1752662faa0485afbc8c431b0ca,2022-10-31,1
429,vesting,0xd568db1667a08a007f75a35a570445a4e12eb26b,2022-09-14,1
430,liquid,0xd5f279ff9eb21c6d40c8f345a66f2751c4eea1fb,2022-06-30,1
431,liquid,0xd67c05523d8ec1c60760fd017ef006b9f6e496d0,2021-12-06,1
432,liquid,0xd698ad630cd57be6cad9ac16328f456b65e147eb,2022-11-15,1
433,vesting,0xd7A029Db2585553978190dB5E85eC724Aa4dF23f,2022-08-28,1
434,liquid,0xd7aaf4676f0f52993cb33ad36784bf970f0e1259,2022-02-22,1
435,liquid,0xd7b25a928f2de0beff34247a42fcb219b04323cc,2022-11-15,1
436,liquid,0xd83dfe003e7c42077186d690dd3d24a0c965ca4e,2021-12-06,1
437,vesting,0xd84701828745c98405a3e1153fccea627963859a,2022-12-02,1
438,liquid,0xd9100ad51ced67b7a48051fc216cda0bb18c58d0,2022-11-04,2
439,liquid,0xd9775d818fc23e07ac4b8efd4c58972f7c59bc0f,2022-11-15,1
440,liquid,0xd9f80bdb37e6bad114d747e60ce6d2aaf26704ae,2021-12-27,1
441,liquid,0xdab19c416355783011724a9c0e4e1e98c648214f,2021-12-06,1
442,liquid,0xdaeada3d210d2f45874724beea03c7d4bbd41674,2021-12-15,1
443,liquid,0xdb22d2d37db92ea7fa6993c9f6ead55fbb1ef4ea,2021-12-06,1
444,liquid,0xDbd8072cD342a100992FA8C04e784f70E404C721,2022-08-11,1
445,liquid,0xdc9b96ea4966d063dd5c8dbaf08fe59062091b6d,2022-11-24,1
446,liquid,0xdcaaf0efd2e70e8103566e705c86b038ed8ff88e,2021-12-06,1
447,liquid,0xdcd382be6cc4f1971c667ffda85c7a287605afe4,2022-07-07,1
448,liquid,0xdd92eb1478d3189707ab7f4a5ace3a615cdd0476,2021-12-06,1
449,liquid,0xde21f729137c5af1b01d73af1dc21effa2b8a0d6,2022-01-13,1
450,liquid,0xdec090a12f2e280b089daa225892d9efa8ed0ee8,2021-12-06,1
451,liquid,0xdecc5b013c74d8d3cef1f8918768dda17490b505,2022-03-03,137
452,liquid,0xdff2aea378e41632e45306a6de26a7e0fd93ab07,2022-02-24,1
453,liquid,0xe087f94c3081e1832dc7a22b48c6f2b5faae579b,2022-03-14,1
454,liquid,0xe0baf312b5f8c27b25380ff1f97447ad9747752f,2022-11-09,1
455,liquid,0xe0d11d5a1982f64ff1d36cd8c2bd315dea127d66,2021-12-06,1
456,vesting,0xe131fafe6be48bc1d27bfb4259775e326a308b7f,2022-09-15,1
457,vesting,0xe17b77965d02195ba49fdd721ef796c258642391,2022-08-14,1
458,vesting,0xe1d90757d3edcadb56c75ddb433f197a0b6dafc8,2022-08-21,137
459,liquid,0xe1f03b7b0ebf84e9b9f62a1db40f1efb8faa7d22,2022-02-24,1
460,liquid,0xe2086f890e7bd20e07fc0036a437dc4813e88b09,2022-11-22,56
461,liquid,0xe2a3d78da1b839b248cb5423bb471036599fede0,2022-11-15,1
462,liquid,0xE2D721c126150BeEE3C56A1AD71A2E0E29A411F0,2022-08-11,1
463,liquid,0xe327b30c414a94382d1a5b6416f0f241eea1f653,2022-11-15,1
464,liquid,0xe3648e99b6e68a09e28428790d12b357f081dbe0,2022-09-15,1
465,vesting,0xe3953d9d317b834592ab58ab2c7a6ad22b54075d,2022-05-10,1
466,liquid,0xe3997288987e6297ad550a69b31439504f513267,2022-11-22,1
467,liquid,0xe3a89ed4956c4f7173418e4dec2a77a5f60807de,2021-12-06,1
468,liquid,0xe40c0c4f8e2424c74e13a301c133ce8b80d90549,2021-12-06,1
469,liquid,0xe4762eacebdb7585d32079fdcba5bb94eb5d76f2,2022-12-02,1
470,vesting,0xe4aa1d8aaf8a50422bc5c7310deb1262d1f6f657,2022-05-10,1
471,liquid,0xe56b4d8d42b1c9ea7dda8a6950e3699755943de7,2021-12-06,1
472,liquid,0xe64b0bd6254aff94a98edd7dac8febfb30089416,2021-12-06,1
473,liquid,0xe69a81b96fbf5cb6cae95d2ce5323eff2ba0eae4,2021-12-06,1
474,liquid,0xe6ed0eacb79a6e457416e4df38ed778fd6c6d193,2022-02-22,1
475,vesting,0xe6f3fd87379848276dbf4dd8b005e5b3419bab87,2022-09-14,1
476,liquid,0xe70311b73a193b9f87653c9399dd04c605d3e357,2022-04-04,1
477,liquid,0xe70494225312c6b1167c15134dab66730f36708d,2022-11-05,2
478,liquid,0xe74fc9dfc587241dad8a82ab50208355685d2b4c,2022-08-16,1
479,liquid,0xe7af7c5982e073ac6525a34821fe1b3e8e432099,2021-12-06,1
480,liquid,0xe7e7302019f734d3261c015e1a04cd6036ff8f4c,2022-09-21,1
481,liquid,0xe81a69caca4a99360589cfd18d9eeaa5029b5ef8,2021-12-06,1
482,liquid,0xe827ca56d116375a0610d45458be756e52b9c0d4,2022-08-08,1
483,liquid,0xe94b5eec1fa96ceecbd33ef5baa8d00e4493f4f3,2021-12-06,1
484,liquid,0xe9d7e590171cb5080ab8dfd45850692a714260f0,2021-12-06,1
485,liquid,0xeb3107117fead7de89cd14d463d340a2e6917769,2022-05-10,1
486,liquid,0xeb87add18305cf65e992de26b8f912d0122253b7,2022-11-03,1
487,liquid,0xeb9a82736cc030fc4a4cd4b53e9b2c67e153208d,2022-05-10,1
488,liquid,0xec0dd1579551964703246becfbf199c27cb84485,2021-12-06,1
489,liquid,0xec38b9c203174869a99c0786868fd7cfd6023342,2022-07-27,2
490,liquid,0xec469a531eecdbba950c831268cc5a0370645638,2022-04-13,1
491,vesting,0xec83f750adfe0e52a8b0dba6eeb6be5ba0bee535,2022-05-10,1
492,liquid,0xecfbf206d32c7ca0272028711799a781bfb6710d,2021-12-06,1
493,liquid,0xed0beda6991ac426de442c84cee19d75ab78d2ce,2021-12-06,1
494,liquid,0xeda7cc0ee377537996e480aa9a22547ef96bf5d1,2021-12-06,1
495,liquid,0xee629a192374caf2a72cf1695c485c5c89611ef2,2021-12-06,1
496,liquid,0xee7fa430a7e513d3df962ed0c0e285bc6f87fc24,2021-12-06,1
497,liquid,0xeea8422a08258e73c139fc32a25e10410c14bd7a,2022-11-17,1
498,liquid,0xeedf8d85159fc6bbd6196a70caee9d7529f5cb98,2022-09-14,1
499,liquid,0xef352cbb151833842a2d8baa22ed9e686e5b08ab,2022-11-16,1
500,liquid,0xef3d8c4fbb1860fceab16595db7e650cd5ad51c1,2021-12-06,1
501,liquid,0xf037a90e66676c0e44ffa691e064d927f1841f0d,2022-11-17,1
502,liquid,0xf075334df87f0a5d9fe6381b5035b60f384d6c2c,2022-10-31,1
503,liquid,0xf0e1015c33da062e53fef545631e75ead91a5456,2022-02-22,1
504,liquid,0xf1d8c2eed95d5fc2eade4e6bb15a5969453e89a9,2022-05-10,1
505,vesting,0xf1f1b6c9a3c16fc69cd59d33197329928e0a9bcb,2022-09-14,1
506,liquid,0xf26d1bb347a59f6c283c53156519cc1b1abaca51,2021-12-06,1
507,liquid,0xf36757494968fc56596e14590a6c9acd460c6b65,2022-11-15,56
508,liquid,0xf4ef9a155dd268e321afa7b9391e0602a7b09588,2022-11-05,2
509,liquid,0xf5307a74d1550739ef81c6488dc5c7a6a53e5ac2,2022-02-22,1
510,liquid,0xf5be8b4c82b8a681bacf357cfb712ab9e9296cb2,2021-12-06,1
511,liquid,0xf5c27c6fe782cbb5c85989ea3e75754748153459,2021-12-15,1
512,liquid,0xf5cd2b7b4913a39bdafc3ac009a906e9890bac5c,2022-11-04,1
513,liquid,0xf6D691550b67086d12D5d3803B7128387ac3150F,2022-10-03,56
514,liquid,0xf6d7d25850e72aae328f4c5716e637e794d102c8,2022-11-16,1
515,liquid,0xf6ea6de3b28e284eec682c4e64d43503f44228f1,2022-01-03,1
516,liquid,0xf6ff1f7fceb2ce6d26687eaab5988b445d0b94a2,2021-12-06,1
517,liquid,0xf7778c13ea98a857312f2b6a6f3bbc4ac344ff67,2022-06-21,1
518,liquid,0xf78d15eee67341ad81a6f843d49e7921c41f4715,2021-12-06,1
519,liquid,0xf7f52dd34bc21eda08c0b804c7c1dbc48375820f,2021-12-06,1
520,liquid,0xf80Cd14ec747b2AdF7B1A9911b38c65a885dAeeA,2022-08-11,1
521,liquid,0xf894FeA045ECCB2927e2E0CB15C12debEE9f2BE8,2022-08-31,1
522,liquid,0xf8a8d25049ebfaf36cf1dd7ff51ebd0777fc9b32,2021-12-06,1
523,liquid,0xf8e912d8b4ae7a58ea6fbeb04b16a5f1aa23ae13,2021-12-06,1
524,liquid,0xf924ff0f192f0c7c073161e0d62ce7635114e74f,2022-11-05,1
525,liquid,0xf950a86013baa227009771181a885e369e158da3,2022-10-31,1
526,liquid,0xfa2d1f15557170f6c4a4c5249e77f534184cdb79,2022-04-13,1
527,liquid,0xfa898efdb91e35bd311c45b9b955f742b6719aa2,2022-01-03,1
528,liquid,0xfacb1f7e9d2d3481467ffa05168882dc41fe7468,2021-12-06,1
529,liquid,0xfafd604d1cc8b6b3b6cc859cf80fd902972371c1,2021-12-06,1
530,liquid,0xfb3bd022d5dacf95ee28a6b07825d4ff9c5b3814,2021-12-06,1
531,liquid,0xfb633f47a84a1450ee0413f2c32dc1772ccaea3e,2021-12-06,1
532,liquid,0xfb76e9be55758d0042e003c1e46e186360f0627e,2021-12-06,1
533,liquid,0xfc78f8e1af80a3bf5a1783bb59ed2d1b10f78ca9,2022-11-03,1
534,liquid,0xfcf23c3b0b3ef21381a3a88b7244168d03e15ae1,2022-11-16,137
535,liquid,0xfd07e3576461cdf9398f579df65055a2d1b69a50,2022-11-01,1
536,liquid,0xfdbdb06109cd25c7f485221774f5f96148f1e235,2022-09-15,1
537,liquid,0xfdff6b56cce39482032b27140252ff4f16432785,2021-12-06,1
538,liquid,0xfe89cc7abb2c4183683ab71653c4cdc9b02d44b7,2021-12-15,1
539,liquid,0xfeb4acf3df3cdea7399794d0869ef76a6efaff52,2021-12-06,1
540,liquid,0xfeca27229a3801b34591582b66c46c82a9bc9994,2022-09-14,1
541,liquid,0xfedc4dd5247b93feb41e899a09c44cfabec29cbc,2021-12-06,1
542,liquid,0xff3f8c0b98454306fb0bda57e5ae38cbfa66cc0d,2021-12-06,1
543,liquid,0xffe6280ae4e864d9af836b562359fd828ece8020,2021-12-06,1
544,liquid,0xffe8a8ec2477390c6b97074f44326fac24d7f6dd,2022-10-07,2
545,liquid,0xfff1d15adecbf4e5c2cf789d69472b80d0ffdc10,2022-11-29,137
546,liquid,12xtAYsRUrmbniiWQqJtECiBQrMn8AypQcXhnQAc6RB6XkLW,2022-06-06,666
547,liquid,23j4ay2zBSgaSs18xstipmHBNi39W2Su9n8G89kWrz8eCe8F,2022-06-06,666
548,liquid,26qu7mNDrYgckGhsY4LfYqbtgqcy2YStaT5N5RtjxUgr,2022-09-21,43115
549,liquid,2pzcpDVS2z8kofaEEcuDpmgg6b7x3vNRbvrWDnJ5ZoiJ,2022-09-21,43115
550,liquid,2yf8YggL4cUhCygoppFMWWeBuJtmLQE9oHkiiUnXP1uM,2022-03-06,43115
551,liquid,2ZxVbyU35dqtMHgLbZZPoGURf2XuPVmSgmVHY8bTfiMC,2022-03-06,43115
552,liquid,32iMateBPt9zYvdRWeoGPdQj9AQdtDbHPkycvX32WxYq,2022-03-06,43115
553,liquid,3hs9rzuuQ3bscetNs6Hy3DySVXsbyTy9rtgvyxnos3Wd,2022-09-21,43115
554,liquid,3ocQZt24xwXXHjcwogzbpw1LtLfz2X5qBQBD8FMMxLZi,2022-09-21,43115
555,liquid,3VyyJjQCR5FGf3C2FRjoLaUZS9doFuNLMuoU479t5Seb,2022-03-06,43115
556,liquid,3W6UcKCVjbRmMTR12SxBsBDCYMB39TzQF5qqs2ZTeaiS,2022-03-06,43115
557,liquid,3XjZXcLZXG1FDpseE6TJMzcnNRnaJ8FL2Lh1MH2PUA6c,2022-03-06,43115
558,liquid,41KqZr7teQ7ku9DQU2i7z5TUkR6VkA8KVYBDPZqzfVFc,2022-03-06,43115
559,liquid,436H4jat7TobTbNX4RCH5p7qgErHbGTo1MyZhLVaSX4FkKyz,2022-08-26,666
560,liquid,48jJQ4W3ZgcEFvBeAbvk7gkNQrDAey5gAkCvKAet5pDo,2022-03-06,43115
561,liquid,4A9WiAZyXpBBEYaBv3UNQCKTqmDth7fukGnBoprLLH2i,2022-03-06,43115
562,liquid,4eQw19Lb5qSzDE9ra8GqVEAbzk731zcykuSVwdwTet7b,2022-03-06,43115
563,liquid,4FkynhFiF6s2f4v2FXFWbenuBeWrwtnQcNrjekqo6s3C,2022-03-06,43115
564,liquid,4jjyzWAj2QS8zBbdCBAKGro3KJMtp1BfqvmN69z7t9yv,2022-09-21,43115
565,liquid,4SUyFeGoUd83F44gLcbQDEyrXqPd7UUfepPL6EoQ5GFJ,2022-03-06,43115
566,liquid,4WV1sygghz4fCpFdCSsuwPSCe3XYSG2uifKVr5GXBDx2,2022-09-21,43115
567,liquid,56WhFCJnErqbk2592ibhjgzPT4vkLcHs5Yj1AXkZp6Ce,2022-03-06,43115
568,liquid,57u1igqYpjpyx9UHXdqWFYihoGvxFZoSGoFmL5p13UB7,2022-03-06,43115
569,liquid,5GFgVMPsAhBb2F2XEoV3w7FmHRSigW5SseyJzbbP9qkK,2022-03-06,43115
570,liquid,5GX6HbxNQ4dy8ryw9MJquFEcMUkyB5JT9jjxmem1awiy,2022-09-21,43115
571,liquid,5HYNcN8Kb4BBRfuptSQhYMTgN8WdoJMjBePoi41Ub99Q,2022-03-06,43115
572,liquid,5JZRbH6mDDtg2b7qAtBLabzGdgXwq81pHgwKE7zpJuQ,2022-09-21,43115
573,liquid,5QNyAbfk74bbdwxRYre2Gk5supudyxKPJBkoM5y69YvR,2022-09-21,43115
574,liquid,5V3BgGhfWvcaUgrJp8KPsFQhZdLyMmc1yr4YjLLxBGZy,2022-09-21,43115
575,liquid,5VVNyMKJRdiRJGrt6kG8ufd3eGxiUWJfec5e58LyW9MG,2022-03-06,43115
576,liquid,63MVK69FvCxwJdoUzJy7sW3JcmNnSLyvW2iEFpYaDSte,2022-03-06,43115
577,liquid,65u1A86RC2U6whcHeD2mRG1tXCSmH2GsiktmEFQmzZgq,2022-03-06,43115
578,liquid,68NxN1Vo2TLhA3H33yBjwQE5D5UxqB2iL1HL4dgHyF66,2022-03-06,43115
579,liquid,6ajob1y1g75gQfnESDbjmEidpwVH36uZgzwvsiaWkCSA,2022-03-06,43115
580,liquid,6f1ktQj25gDNW8rpPi5M8TTTLfjPzCUouyq4n889Mwoi,2022-03-06,43115
581,liquid,6GX2brfV7byA8bCurwgcqiGxNEgzjUmdYgarYZZr2MKe,2022-03-06,43115
582,liquid,6SujVqAbYiQTW3y4EJ3YMPqkWj3pU3xxFSu4Nv5JmWJK,2022-03-06,43115
583,liquid,7fj9ibHMXanTeKcGu1BJTEXg2UtAwvf8ZGc9LYzeLXeE,2022-03-06,43115
584,liquid,7FLf6Gk2h3dDeGxDrmohv4jByL8tUKQBMYuWWzveJ7yk,2022-09-21,43115
585,liquid,7Gm5zF6FNJpyhqdwKcEdMQw3r5YzitYUGVDKYMPT1cMy,2022-03-06,43115
586,liquid,7h2SXA8K84oJRapGqQW471g1ecUUk5jwgReawUyxUHbP,2022-03-06,43115
587,liquid,7jEiPUu9su9VxfMjMUStrLsX67fk2jwLnnRLWWLhQBiY,2022-03-06,43115
588,liquid,7jt7Hw1iypXN3otudBeTPkY2K4yotWMTegWeAxnt1h3c,2022-03-06,43115
589,liquid,7L53bUTBopuwFt3mKUfmkzgGLayYa1Yvn1hAg9v5UMrQzTfh,2022-06-06,666
590,liquid,7M6TSEkRiXiYmpRCcCDSdJGTGxAPem2HBqjW4gLQ2KoE,2022-03-06,43115
591,liquid,7nAZEL5LAv94Mo4WJg4XsXodwk2JFJKij52jC84fTU4v,2022-03-06,43115
592,liquid,7nMBKqWTCapf4GJ4C21AnXoVd6zqVSH4aoGLFHjvXA1V,2022-03-06,43115
593,liquid,7NrJhaQBRVqi7eLvVdQ9kHsRne5rBPN85JdwtuNDPz7U,2022-03-06,43115
594,liquid,7Sn4TN4ZkMghVBAhZ88UkyzXoYkMScaE6qtk9eWV3rJz,2022-03-06,43115
595,liquid,7yGR6CfBdvLcxNtoNsGRh4FmBPVFGdVJcVbQ8qeovazo,2022-09-21,43115
596,liquid,7zGXUAeUkY9pEGfApsY26amibvqsf2dmty1cbtxHdfaQ,2022-09-21,43115
597,liquid,7ZNjtUgPYL8kNfoPewEnafy4TiKWMs3QsQNYkGx9TawJ,2022-09-21,43115
598,liquid,8d4Y3UJ7TRPNyz8GRnAAPUJXzZdF4nTsPHGi93Kgfn22,2022-09-21,43115
599,liquid,8U5cJp1c1mYSCy8gY98anfEzGm74LKPi6wepYTHR8TBJ,2022-09-21,43115
600,liquid,93zPnmdQ1xqiK5jVxFTCkW985G5TjxiaeLpUWC7rtrjv,2022-03-06,43115
601,liquid,9eapGYu2dDypnhCzCaMa6F3Qx9v6jP8posaeAKLJcQYs,2022-09-21,43115
602,liquid,9pDEi3yT9ooT1uw1PApQDYK65advJs4Nt65EJG1m59Yq,2022-03-06,43115
603,liquid,9r82s3zBri5f7UzS4oCQrXD5ayV9Sxc6o3aLd27pqk1p,2022-03-06,43115
604,liquid,9RGoboEjmaAjSCXsKi6p6zJucnwF3Eg5NUN9jPS6ziL3,2022-03-06,43115
605,liquid,9RuqAN42PTUi9ya59k9suGATrkqzvb9gk2QABJtQzGP5,2022-06-21,43115
606,liquid,9SAveSCmGTVR9csAjK45keGitb1kdsC22Pb1AFdoUcSD,2022-03-06,43115
607,liquid,9shMEavzfSenVyoikB18KWMCUkjJkJtHZ2jQsPZ8YL77,2022-09-21,43115
608,liquid,9t1VkAKWCwwdCisoZfR4eW6BMPC5UQ3DfDKYU87ekg8a,2022-03-06,43115
609,liquid,9wehMJ41DFbdo3jakGqvzzWAZXUDorJ9Y2JGdNXNWf5N,2022-03-06,43115
610,liquid,9YFRprsU6BAMyoAKGobAR5bSAJT8SqRAicH3oSzAgUX5,2022-03-06,43115
611,liquid,A4wJzYF2sVGHzDfzGDDh5eLij7xLfWRYfPvfnhn5xECT,2022-09-21,43115
612,liquid,A8eVSunYozPeRj6jfBSdtPGorFQuhw9Lb9j79ytjoyzA,2022-03-06,43115
613,liquid,A9RPUD5EYVWztXsEpzy6XBaR3wySJYH6sMDZXjBqDr3b,2022-03-06,43115
614,liquid,AGn7aAeL3G24GYNa9EZSHXJxJwmG3DN9H1tgUxh2jWia,2022-03-06,43115
615,liquid,AQeo6r6jdwnmf48AMejgoKdUGtV8qzbVJH42Gb5sWdi,2022-03-06,43115
616,liquid,AvHADV6mH556FsAorThCx166vaweuYEtXMYNWCRf8v7R,2022-09-21,43115
617,liquid,B12eD3ngy5NdauaRhuUJyfWQKoVN8E6SksgFL4wuFSZ,2022-09-21,43115
618,liquid,B1VLk8Ey3kxdFEzB7BszqhcBEPjckUFyoHMq9TasCssf,2022-09-21,43115
619,liquid,B7RY92VY8pV59hjgKemmPP5ZjrvDCZo3BqRKQyyR1gmF,2022-09-21,43115
620,liquid,BaudV36otwaPwwPaqhiuR9nFFMThdbHCAUHmpEKTsZKU,2022-03-06,43115
621,liquid,BbXF1WbBHBWN3vNsphVeU6JtqLjkAn6ZWmmPia4Tr1fC,2022-09-21,43115
622,liquid,BE79uZngYKW8JLezV8x7Hsak1gqaDgNZLNfqqzUx2Uum,2022-03-06,43115
623,liquid,BFgAuHTSSHZtNRt1BRdEud2c9ArfuQ2rnWCQo1wpzFAG,2022-03-06,43115
624,liquid,BFuyDbWRtGNX2qFCFhvQ3LLDJkXfviZJZZASUYUHtrdq,2022-03-06,43115
625,liquid,BgVw41WkRnJKE7dH3CAEzUX1fUWMMkSCZePgebwhorMx,2022-03-06,43115
626,liquid,BKdo1xpr3GF9VtPyB94dbQVFMHfXn6ruRSqTizevSK1F,2022-03-06,43115
627,liquid,BUfya7kEAgoCGtN3SYXiPciVjoe4dCo8EfnEuvaMTfHs,2022-03-06,43115
628,liquid,BX1VZoS4sDyBeXWuLzfbngYtdJGEEBK39PzUGfWYpFNu,2022-06-21,43115
629,liquid,C4VqkkRPfPVtcCjVR1SZKRM95vGEUtH6mTBgf15x4ps7,2022-03-06,43115
630,liquid,Ck9LzzE3Wvn4DqbZDWFEr28UZ2rQgjvxA3xQjgrYyWQv,2022-09-21,43115
631,liquid,CKWNNwtn5nbsGMkvtRwHDv4QTyoHMByKVd7Ypo2deNpc,2022-09-21,43115
632,liquid,CNcHyQPr26e9Ja97AdE19ERjT6Z2cvXDzab7x8TFHrgv,2022-03-06,43115
633,liquid,CRTbLUiYwcBEKPYSXbR1B1ypHCBMZPVTayy4AHKzgqLz,2022-03-06,43115
634,liquid,cTJp8A3DSBpyJth1HsyKtAqJ4KHqMUBqrJm9cXSqrDLTC9DHv,2022-06-06,666
635,liquid,CYk9EVF6hMJyqhwKEv3rmqEoSrKfvN8vXZ7KbuNAxZKV,2022-03-06,43115
636,liquid,CzZySsi1dRHMitTtNe2P12w3ja2XmfcGgqJBS8ytBhhY,2022-03-06,43115
637,liquid,D49bnxHVwNjzHaqpZSSpdPGqxZwWxTGhfd6UJQ8hU4i2,2022-03-06,43115
638,liquid,DbtR9eR6AeqkK5Sk1qKCVQhdRHCzb8P9zWSq1x1jp7ZS,2022-06-07,43115
639,liquid,DKdBj8KF9sieWq2XWkZVnRPyDrw9PwAHinkCMvjAkRdZ,2022-03-06,43115
640,liquid,dMVmNkdaqAzBDYyfBXfkqBYj8TK56mXguYbJGumdaA8,2022-05-09,43115
641,liquid,Dp5sqfD9cW6xTR7N1m2e4jm5MqWsyQABJnBUYcixN7WC,2022-09-21,43115
642,liquid,DQ9uydL46XUX6jd63AFKJSFnQ8ek5n3EVGfTTpMYwTSY,2022-03-06,43115
643,liquid,DrK1bn5j8kZCuc5nZ4HPRxXjbTqLiGq3CWz5bXrDh2WW,2022-03-06,43115
644,liquid,e6Tw228L7G6sHZmSsGq5jkTXPwm8KNuNBvsQrJvN61t,2022-03-06,43115
645,liquid,eCSrvbA5gGNYdM3UjBNxcBNBqGxtz3SEEfydKragtL4pJ4F,2022-11-09,666
646,liquid,EMYkUwns2vioU3c4RiQeNUGUEjzkUabw2uePjgPBXLyR,2022-03-06,43115
647,liquid,EsNJ7xZGK8W7PoxrPyT7KFfQVgDm4NczR55i47ycmepB,2022-09-21,43115
648,liquid,EyVVyUciH2pHZqC62KXgTpmsUGb9Spab8upBtM31UPxv,2022-09-21,43115
649,liquid,F3opxRbN5ZbjJNU511Kj2TLuzFcDq9BGduA9TgiECafpg29,2022-06-06,666
650,liquid,Fcrq7V5QF2zNPfTcjx6C8ooNGmhBCWqHoV8JT7rbbVMW,2022-03-06,43115
651,liquid,Fsk8hzJFe4FYCsjBwey4uiKDjFPUhTecNgqnbH9NNX3d,2022-03-06,43115
652,liquid,G4MtLahztDA3Y9vo8Frz8ysiKdVv6P8JJYnNF9uQNYfZ,2022-03-06,43115
653,liquid,G67FjMUpMb1bzBJwvhtm46LVfXDztJxzRLsbbHwPb958,2022-03-06,43115
654,liquid,GanUyDyWNHG9YBjG9eczDRgVEFMfRhNHx9fh4s4Ve7mS,2022-03-06,43115
655,liquid,GEFGnsJUZwVfbjQejuZZtcd8wExkyTHEWV2ifeqSRe63,2022-03-06,43115
656,liquid,GEkb8xU5DrPw4TW75BgoRbqUeuyKpsZ4Q2RHMX9M74W5,2022-03-06,43115
657,liquid,GeUctV4C64k7wNYmitajvg3WgnXkh9FAp75irgSDSNPt,2022-09-21,43115
658,liquid,GkRkn519FfTaSzyQMnbwQuTd7c7zcPboWucsSedXrhym,2022-09-21,43115
659,liquid,GRPhCfd4fyndMctbhAqSWLHCYaoV3j2bJF6c5nVLTvMk,2022-03-06,43115
660,liquid,GwW1LcJeUsHADSU1FkrVAAH9i8fxtWgj2eSnjaL2yEtR,2022-09-21,43115
661,liquid,H6MkRnHA3s6ymuX83yZXKfGzFLDbRhFfCtptYiA6K6q7,2022-09-21,43115
662,liquid,HEEVza2wMCjEX4MbTavaiPM9uLEpWagEjV1syWTFHbkR,2022-09-21,43115
663,liquid,HL1s4cSbQu8zSG12Ck7YmbmvphQNs6wgZf89FFCGYYbV,2022-09-21,43115
664,liquid,hrU4JaxaMhJu9C3fsgspXU96tZYQvZr6BmUQKr7Wq96,2022-09-21,43115
665,liquid,HsjQHG73wm2RzGRg7t8d2MthLAFFSnuEvBMAKJ2PkB6r,2022-03-06,43115
666,liquid,HzdTAbkbETQRg64iN1F7PLFSHdJMXcoqo5kcbYWoVMkG,2022-09-21,43115
667,liquid,HzEYPJg8waDVnRLUUfeB9nRpZEqj8vfHHiveDpL99sce,2022-03-06,43115
668,liquid,JCECpAUVekGe1jNWSEUvGDEJWY6noDXe2BTpFUTwJ5m3,2022-09-21,43115
669,liquid,mRh2wFi6rQEoFzWKQ2KsyMySZ36NEmyL5qTv7H6J7vs,2022-03-06,43115
670,liquid,oyznFCoGLEr8mWWfroGRbhtPE7wUVMMy1X9Rhv3RvqD,2022-03-06,43115
671,liquid,SbYNqRiPkchNkCqTGATcwqEdFQujcmFd6jhai1Ka4hG,2022-09-21,43115
672,liquid,wvZCEwaNEV6QBrsVdy7y8vzDzKPDNonAr7BBFcLjAtw,2022-03-06,43115
